{
  "BOID: 0": [
    [
      -0.7163862871970319,
      -0.9831516946191496,
      -0.13917248668834947,
      0.7481176143261652,
      0.99985773683431,
      -0.06660763243983414,
      -0.10733914863974414,
      0.11495221736937511,
      -0.022455571378831696,
      -0.13205442153316982,
      0.9910588086493259,
      -0.1735532357902545,
      0.13198591020278183,
      -0.2195464123199078,
      -0.12159883656557291
    ],
    10
  ],
  "BOID: 1": [
    [
      -0.9824396768740074,
      -0.5024020986603328,
      -0.42295158996959703,
      0.17676517442293527,
      -0.4532028189802091,
      -0.6238262918947934,
      0.8277660870771961,
      -0.06552942254848748,
      -0.9324775721894074,
      0.6745752481526313,
      -0.885110422706183,
      -0.49839649270802955,
      0.3151213888412774,
      0.5841381872453528,
      0.37323494007784186
    ],
    5
  ],
  "BOID: 2": [
    [
      -0.7218461393420688,
      -0.8887910575725031,
      -0.8040096269080097,
      0.8366563285150082,
      0.21520266825246592,
      0.33722588020556454,
      -0.4209846307175851,
      -0.7425082309561293,
      -0.5607721034285382,
      0.9807896365215996,
      -0.9498792254884729,
      -0.44959908949686067,
      0.9817947723877523,
      0.28311350932096824,
      -0.2273804587767101
    ],
    0
  ],
  "BOID: 3": [
    [
      0.20464437747567388,
      -0.1245665658713695,
      0.02807269399791723,
      -0.3167076958935753,
      -0.4631289091424997,
      0.03715791465834695,
      0.1720623634188172,
      -0.3796379936273744,
      0.9086852493984305,
      -0.06277613638156021,
      -0.021995307331053926,
      -0.15425076466559284,
      -0.15287506859616862,
      -0.3100165496636502,
      0.09278029191712589
    ],
    0
  ],
  "BOID: 4": [
    [
      0.38402076080866143,
      -0.43723210200853835,
      -0.1537889041954763,
      -0.21211022091343334,
      0.6889142549167149,
      0.014726218844189454,
      -0.7775093859876625,
      0.30298596184158955,
      0.6791266020134019,
      -0.058272353667908394,
      0.436083579169801,
      0.1692930114808897,
      -0.836246201248259,
      0.44415217035287924,
      -0.7407983420351454
    ],
    0
  ],
  "BOID: 5": [
    [
      0.551360850644365,
      0.9495810785747714,
      -0.7532102758416306,
      0.3196182986289773,
      -0.6832354963247491,
      0.67464145107117,
      0.04043399914218382,
      -0.9596063286375993,
      0.7473066743716696,
      -0.9757972121392582,
      -0.6560673855884618,
      0.3672813178270191,
      -0.7616790258038515,
      0.9725065957504508,
      -0.3882973969798269
    ],
    1
  ],
  "BOID: 6": [
    [
      0.9820623601776037,
      -0.9350359665778072,
      0.28730924533175095,
      -0.7597049005867915,
      0.4538509846348511,
      0.8106890349401628,
      0.04719253987849292,
      -0.6314725141088586,
      0.1726520650288106,
      -0.43566109141642473,
      -0.6351058626841923,
      0.3007165798527862,
      0.7762604761737317,
      -0.04657429535073021,
      -0.7232266122287938
    ],
    2
  ],
  "BOID: 7": [
    [
      0.23931935881977973,
      0.5632406500827583,
      0.583774950367244,
      0.06326616808832286,
      -0.787671005769853,
      0.11453369037826633,
      0.5690425311430944,
      -0.47381996628761414,
      0.07889413981611959,
      0.5762884621630708,
      0.7301515626581487,
      -0.5114473903135064,
      -0.8088893931880903,
      0.534923764436273,
      -0.008221951324838273
    ],
    0
  ],
  "BOID: 8": [
    [
      -0.8976696469622687,
      0.683062460779468,
      -0.7025203738444792,
      0.17722473276962658,
      -0.12562349500042647,
      -0.5682745445286868,
      -0.5771311684150842,
      -0.5249874017340304,
      0.8078071899202826,
      -0.7105696213859618,
      -0.90424637666748,
      -0.5966217267110645,
      0.7865483419073467,
      -0.8187571165657386,
      0.6117885688436999
    ],
    0
  ],
  "BOID: 9": [
    [
      0.5994037601428897,
      0.3005299172616618,
      0.8009261007320392,
      0.8090683589573717,
      -0.33857313763814645,
      -0.7196928106443856,
      0.1993510562928118,
      -0.3684737880801916,
      -0.17177924204298822,
      -0.25972810006400726,
      -0.8794922272834422,
      0.44922063516358035,
      0.5901480888910555,
      0.48887724858027326,
      -0.975603470560015
    ],
    1
  ],
  "BOID: 10": [
    [
      0.16229034295478284,
      -0.6973375015525414,
      -0.13537171778373303,
      0.17888113758887547,
      -0.6898575127290241,
      -0.4821460367002537,
      -0.3995582674369462,
      -0.9908099027837105,
      -0.6915996043683621,
      -0.7061879465682503,
      -0.6623389331127352,
      -0.2858022844555492,
      0.8198172084424291,
      0.30884363134635295,
      0.49513624611173235
    ],
    3
  ],
  "BOID: 11": [
    [
      0.09977945712789316,
      0.31422346781133736,
      -0.2922910466593711,
      -0.7604477591537333,
      -0.8405355658945894,
      0.4196147317601824,
      -0.8990653332165515,
      0.25416710398830444,
      0.36047911856294146,
      0.9022209624212776,
      -0.8247880235335008,
      -0.25489074523854693,
      -0.8230625692844482,
      -0.5238868100159686,
      0.8938402759301134
    ],
    0
  ],
  "BOID: 12": [
    [
      -0.5010240896302007,
      0.132061897045745,
      0.4188795337853666,
      -0.5024485338165916,
      0.25223020695303333,
      -0.869935140699786,
      0.36503389322690794,
      -0.10772423803130105,
      0.8160837190024717,
      -0.42297224363120334,
      0.9268322801627509,
      0.9338134014727486,
      0.3341316393400824,
      0.10144062503171236,
      -0.6158928656271048
    ],
    1
  ],
  "BOID: 13": [
    [
      -0.2712827776357227,
      0.5476189432633358,
      0.841893062568726,
      -0.6870083754936815,
      0.07724840397755761,
      0.8236430367620757,
      0.656291414572693,
      0.4239488944279288,
      -0.4445380816614599,
      0.28809603092203817,
      0.010742756164318301,
      0.40799249869217613,
      0.5245256335279085,
      -0.23151896402459693,
      0.26132869725315366
    ],
    2
  ],
  "BOID: 14": [
    [
      0.7863515777451258,
      -0.8950244410874064,
      0.7792105772155793,
      -0.9437403884910758,
      0.09202276103944973,
      -0.05418587672175024,
      0.5659897873598849,
      -0.18595794465757853,
      0.7261928289205883,
      -0.4058454103778941,
      -0.3113160647039743,
      0.8478355339552701,
      0.3755121274863029,
      -0.875881355757326,
      0.6563223413607986
    ],
    1
  ],
  "BOID: 15": [
    [
      -0.2255680903761852,
      0.556086222716826,
      0.1761050694897035,
      -0.23394699053677037,
      -0.7237434761163977,
      -0.9642428702144077,
      -0.7986587900288566,
      -0.951509927039774,
      -0.8633975847137711,
      -0.3793884886221517,
      0.9363707693658356,
      -0.9050031411378132,
      0.44080859759633384,
      -0.08430009945987571,
      -0.09281761080218942
    ],
    12
  ],
  "BOID: 16": [
    [
      0.45764876899733675,
      -0.4161310382459167,
      -0.6153948893086425,
      0.25963779794062924,
      0.2853758824277355,
      0.9937329241597133,
      -0.6525684671464864,
      -0.8267417499765313,
      0.42748082884050564,
      0.015300543454666915,
      -0.9019746223387322,
      -0.7731894101557137,
      -0.8910336229357987,
      0.2901901508385838,
      0.7963193182220256
    ],
    0
  ],
  "BOID: 17": [
    [
      -0.48339794108497847,
      0.007346914702007545,
      -0.9380796502888056,
      -0.042614939075355185,
      -0.0976528982620728,
      -0.7344956016476778,
      0.17074031350388363,
      0.31231071415566847,
      -0.5868384775185604,
      -0.8688908779738447,
      -0.20559142655680462,
      0.424040901362591,
      -0.07646306802129166,
      -0.9073188792241909,
      0.2761833357628172
    ],
    0
  ],